"No.","Time","Source","Destination","Protocol","Length","Info"
"1","0.000000","0a:00:27:00:00:00","5a:94:d2:14:5a:51","ARP","42","Who has 192.168.56.101? Tell 192.168.56.1"
"2","1.024607","0a:00:27:00:00:00","5a:94:d2:14:5a:51","ARP","42","Who has 192.168.56.101? Tell 192.168.56.1"
"3","2.048486","0a:00:27:00:00:00","5a:94:d2:14:5a:51","ARP","42","Who has 192.168.56.101? Tell 192.168.56.1"
"4","3.944922","0a:00:27:00:00:00","Broadcast","ARP","42","Who has 192.168.56.101? Tell 192.168.56.1"
"5","4.960446","0a:00:27:00:00:00","Broadcast","ARP","42","Who has 192.168.56.101? Tell 192.168.56.1"
"6","5.983992","0a:00:27:00:00:00","Broadcast","ARP","42","Who has 192.168.56.101? Tell 192.168.56.1"
"7","8.011284","0a:00:27:00:00:00","Broadcast","ARP","42","Who has 192.168.56.101? Tell 192.168.56.1"
"8","9.024532","0a:00:27:00:00:00","Broadcast","ARP","42","Who has 192.168.56.101? Tell 192.168.56.1"
"9","10.048605","0a:00:27:00:00:00","Broadcast","ARP","42","Who has 192.168.56.101? Tell 192.168.56.1"
"10","11.890301","5a:94:d2:14:5a:51","Broadcast","ARP","42","Who has 192.168.56.101? (ARP Probe)"
"11","11.890303","5a:94:d2:14:5a:51","Broadcast","ARP","42","Who has 192.168.56.101? (ARP Probe)"
"12","12.075678","0a:00:27:00:00:00","Broadcast","ARP","42","Who has 192.168.56.101? Tell 192.168.56.1"
"13","12.891096","5a:94:d2:14:5a:51","Broadcast","ARP","42","Who has 192.168.56.101? (ARP Probe)"
"14","12.891100","5a:94:d2:14:5a:51","Broadcast","ARP","42","Who has 192.168.56.101? (ARP Probe)"
"15","13.089090","0a:00:27:00:00:00","Broadcast","ARP","42","Who has 192.168.56.101? Tell 192.168.56.1"
"16","13.891285","5a:94:d2:14:5a:51","Broadcast","ARP","42","Who has 192.168.56.101? (ARP Probe)"
"17","13.891290","5a:94:d2:14:5a:51","Broadcast","ARP","42","Who has 192.168.56.101? (ARP Probe)"
"18","14.111989","0a:00:27:00:00:00","Broadcast","ARP","42","Who has 192.168.56.101? Tell 192.168.56.1"
"19","14.890250","5a:94:d2:14:5a:51","Broadcast","ARP","42","Who has 192.168.56.1? Tell 192.168.56.101"
"20","14.890254","5a:94:d2:14:5a:51","Broadcast","ARP","42","Who has 192.168.56.1? Tell 192.168.56.101"
"21","14.890303","0a:00:27:00:00:00","5a:94:d2:14:5a:51","ARP","42","192.168.56.1 is at 0a:00:27:00:00:00"
"22","14.892928","192.168.56.101","224.0.0.252","LLMNR","66","Standard query 0x4163 A isatap"
"23","14.892929","192.168.56.101","224.0.0.252","LLMNR","66","Standard query 0x4163 A isatap"
"24","14.904203","192.168.56.101","224.0.0.22","IGMPv3","54","Membership Report / Leave group 224.0.0.252"
"25","14.904205","192.168.56.101","224.0.0.22","IGMPv3","54","Membership Report / Leave group 224.0.0.252"
"26","14.928189","192.168.56.101","224.0.0.22","IGMPv3","54","Membership Report / Join group 224.0.0.252 for any sources"
"27","14.928191","192.168.56.101","224.0.0.22","IGMPv3","54","Membership Report / Join group 224.0.0.252 for any sources"
"28","14.938991","192.168.56.101","224.0.0.252","LLMNR","64","Standard query 0x21c1 ANY None"
"29","14.938993","192.168.56.101","224.0.0.252","LLMNR","64","Standard query 0x21c1 ANY None"
"30","14.948129","192.168.56.101","224.0.0.22","IGMPv3","54","Membership Report / Join group 239.255.255.250 for any sources"
"31","14.948131","192.168.56.101","224.0.0.22","IGMPv3","54","Membership Report / Join group 239.255.255.250 for any sources"
"32","14.975669","192.168.56.101","192.168.56.255","NBNS","110","Registration NB NONE<20>"
"33","14.975670","192.168.56.101","192.168.56.255","NBNS","110","Registration NB NONE<20>"
"34","14.975991","192.168.56.101","192.168.56.255","NBNS","110","Registration NB NONE<00>"
"35","14.975993","192.168.56.101","192.168.56.255","NBNS","110","Registration NB NONE<00>"
"36","14.976089","192.168.56.101","192.168.56.255","NBNS","110","Registration NB WORKGROUP<00>"
"37","14.976090","192.168.56.101","192.168.56.255","NBNS","110","Registration NB WORKGROUP<00>"
"38","15.003621","192.168.56.101","224.0.0.252","LLMNR","66","Standard query 0x4163 A isatap"
"39","15.003622","192.168.56.101","224.0.0.252","LLMNR","66","Standard query 0x4163 A isatap"
"40","15.048140","192.168.56.101","224.0.0.252","LLMNR","64","Standard query 0x21c1 ANY None"
"41","15.048141","192.168.56.101","224.0.0.252","LLMNR","64","Standard query 0x21c1 ANY None"
"42","15.064376","5a:94:d2:14:5a:51","Broadcast","ARP","42","Who has 192.168.56.1? Tell 192.168.56.101"
"43","15.064378","5a:94:d2:14:5a:51","Broadcast","ARP","42","Who has 192.168.56.1? Tell 192.168.56.101"
"44","15.064386","0a:00:27:00:00:00","5a:94:d2:14:5a:51","ARP","42","192.168.56.1 is at 0a:00:27:00:00:00"
"45","15.204446","192.168.56.101","192.168.56.255","NBNS","92","Name query NB ISATAP<00>"
"46","15.204450","192.168.56.101","192.168.56.255","NBNS","92","Name query NB ISATAP<00>"
"47","15.253886","192.168.56.101","239.255.255.250","SSDP","175","M-SEARCH * HTTP/1.1 "
"48","15.253889","192.168.56.101","239.255.255.250","SSDP","175","M-SEARCH * HTTP/1.1 "
"49","15.395581","192.168.56.101","224.0.0.22","IGMPv3","62","Membership Report / Join group 224.0.0.252 for any sources / Join group 239.255.255.250 for any sources"
"50","15.395586","192.168.56.101","224.0.0.22","IGMPv3","62","Membership Report / Join group 224.0.0.252 for any sources / Join group 239.255.255.250 for any sources"
"51","15.556515","192.168.56.101","239.255.255.250","SSDP","139","M-SEARCH * HTTP/1.1 "
"52","15.556517","192.168.56.101","239.255.255.250","SSDP","139","M-SEARCH * HTTP/1.1 "
"53","15.571683","192.168.56.101","239.255.255.250","SSDP","171","M-SEARCH * HTTP/1.1 "
"54","15.571685","192.168.56.101","239.255.255.250","SSDP","171","M-SEARCH * HTTP/1.1 "
"55","15.720859","192.168.56.101","192.168.56.255","NBNS","110","Registration NB WORKGROUP<00>"
"56","15.720863","192.168.56.101","192.168.56.255","NBNS","110","Registration NB WORKGROUP<00>"
"57","15.721506","192.168.56.101","192.168.56.255","NBNS","110","Registration NB NONE<00>"
"58","15.721520","192.168.56.101","192.168.56.255","NBNS","110","Registration NB NONE<00>"
"59","15.722243","192.168.56.101","192.168.56.255","NBNS","110","Registration NB NONE<20>"
"60","15.722256","192.168.56.101","192.168.56.255","NBNS","110","Registration NB NONE<20>"
"61","15.733938","192.168.56.101","239.255.255.250","UDP","666","65391  >  3702 Len=624"
"62","15.733941","192.168.56.101","239.255.255.250","UDP","666","65391  >  3702 Len=624"
"63","15.812983","192.168.56.101","239.255.255.250","UDP","666","65391  >  3702 Len=624"
"64","15.812988","192.168.56.101","239.255.255.250","UDP","666","65391  >  3702 Len=624"
"65","15.952527","192.168.56.101","192.168.56.255","NBNS","92","Name query NB ISATAP<00>"
"66","15.952530","192.168.56.101","192.168.56.255","NBNS","92","Name query NB ISATAP<00>"
"67","16.447390","192.168.56.101","224.0.0.252","LLMNR","64","Standard query 0xc4c8 A wpad"
"68","16.447392","192.168.56.101","224.0.0.252","LLMNR","64","Standard query 0xc4c8 A wpad"
"69","16.468369","192.168.56.101","192.168.56.255","NBNS","110","Registration NB NONE<20>"
"70","16.468372","192.168.56.101","192.168.56.255","NBNS","110","Registration NB NONE<20>"
"71","16.468457","192.168.56.101","192.168.56.255","NBNS","110","Registration NB NONE<00>"
"72","16.468458","192.168.56.101","192.168.56.255","NBNS","110","Registration NB NONE<00>"
"73","16.468544","192.168.56.101","192.168.56.255","NBNS","110","Registration NB WORKGROUP<00>"
"74","16.468545","192.168.56.101","192.168.56.255","NBNS","110","Registration NB WORKGROUP<00>"
"75","16.547591","192.168.56.101","224.0.0.252","LLMNR","64","Standard query 0xc4c8 A wpad"
"76","16.547593","192.168.56.101","224.0.0.252","LLMNR","64","Standard query 0xc4c8 A wpad"
"77","16.702836","192.168.56.101","192.168.56.255","NBNS","92","Name query NB ISATAP<00>"
"78","16.702840","192.168.56.101","192.168.56.255","NBNS","92","Name query NB ISATAP<00>"
"79","16.753470","192.168.56.101","192.168.56.255","NBNS","92","Name query NB WPAD<00>"
"80","16.753472","192.168.56.101","192.168.56.255","NBNS","92","Name query NB WPAD<00>"
"81","17.218852","192.168.56.101","192.168.56.255","NBNS","110","Registration NB WORKGROUP<00>"
"82","17.218855","192.168.56.101","192.168.56.255","NBNS","110","Registration NB WORKGROUP<00>"
"83","17.218928","192.168.56.101","192.168.56.255","NBNS","110","Registration NB NONE<00>"
"84","17.218929","192.168.56.101","192.168.56.255","NBNS","110","Registration NB NONE<00>"
"85","17.218966","192.168.56.101","192.168.56.255","NBNS","110","Registration NB NONE<20>"
"86","17.218967","192.168.56.101","192.168.56.255","NBNS","110","Registration NB NONE<20>"
"87","17.454959","192.168.56.101","224.0.0.252","LLMNR","66","Standard query 0x971a A isatap"
"88","17.454960","192.168.56.101","224.0.0.252","LLMNR","66","Standard query 0x971a A isatap"
"89","17.500108","192.168.56.101","192.168.56.255","NBNS","92","Name query NB WPAD<00>"
"90","17.500110","192.168.56.101","192.168.56.255","NBNS","92","Name query NB WPAD<00>"
"91","17.562234","192.168.56.101","224.0.0.252","LLMNR","66","Standard query 0x971a A isatap"
"92","17.562236","192.168.56.101","224.0.0.252","LLMNR","66","Standard query 0x971a A isatap"
"93","17.777227","192.168.56.101","192.168.56.255","NBNS","92","Name query NB ISATAP<00>"
"94","17.777231","192.168.56.101","192.168.56.255","NBNS","92","Name query NB ISATAP<00>"
"95","17.895155","192.168.56.101","8.8.8.8","DNS","85","Standard query 0xab76 A teredo.ipv6.microsoft.com"
"96","17.912296","8.8.8.8","192.168.56.101","DNS","158","Standard query response 0xab76 No such name A teredo.ipv6.microsoft.com SOA ns1-04.azure-dns.com"
"97","17.983247","192.168.56.101","192.168.56.255","NBNS","110","Registration NB WORKGROUP<1e>"
"98","17.983251","192.168.56.101","192.168.56.255","NBNS","110","Registration NB WORKGROUP<1e>"
"99","18.250743","192.168.56.101","239.255.255.250","SSDP","175","M-SEARCH * HTTP/1.1 "
"100","18.250748","192.168.56.101","239.255.255.250","SSDP","175","M-SEARCH * HTTP/1.1 "
"101","18.250844","192.168.56.101","192.168.56.255","NBNS","92","Name query NB WPAD<00>"
"102","18.250846","192.168.56.101","192.168.56.255","NBNS","92","Name query NB WPAD<00>"
"103","18.298171","192.168.56.101","239.255.255.250","SSDP","171","M-SEARCH * HTTP/1.1 "
"104","18.298172","192.168.56.101","239.255.255.250","SSDP","171","M-SEARCH * HTTP/1.1 "
"105","18.330721","192.168.56.101","239.255.255.250","SSDP","139","M-SEARCH * HTTP/1.1 "
"106","18.330722","192.168.56.101","239.255.255.250","SSDP","139","M-SEARCH * HTTP/1.1 "
"107","18.361630","192.168.56.101","239.255.255.250","SSDP","175","M-SEARCH * HTTP/1.1 "
"108","18.361632","192.168.56.101","239.255.255.250","SSDP","175","M-SEARCH * HTTP/1.1 "
"109","18.515434","192.168.56.101","192.168.56.255","NBNS","92","Name query NB ISATAP<00>"
"110","18.515437","192.168.56.101","192.168.56.255","NBNS","92","Name query NB ISATAP<00>"
"111","18.547299","192.168.56.101","239.255.255.250","SSDP","139","M-SEARCH * HTTP/1.1 "
"112","18.547301","192.168.56.101","239.255.255.250","SSDP","139","M-SEARCH * HTTP/1.1 "
"113","18.562960","192.168.56.101","239.255.255.250","SSDP","171","M-SEARCH * HTTP/1.1 "
"114","18.562962","192.168.56.101","239.255.255.250","SSDP","171","M-SEARCH * HTTP/1.1 "
"115","18.719717","192.168.56.101","192.168.56.255","NBNS","110","Registration NB WORKGROUP<1e>"
"116","18.719721","192.168.56.101","192.168.56.255","NBNS","110","Registration NB WORKGROUP<1e>"
"117","19.024693","192.168.56.101","8.8.8.8","DNS","76","Standard query 0x025f A www.msftncsi.com"
"118","19.054756","8.8.8.8","192.168.56.101","DNS","182","Standard query response 0x025f A www.msftncsi.com CNAME www.msftncsi.com.edgesuite.net CNAME a1961.g2.akamai.net A 96.17.176.171 A 96.17.176.177"
"119","19.064845","192.168.56.101","96.17.176.171","TCP","66","49159  >  80 [SYN] Seq=0 Win=8192 Len=0 MSS=1460 WS=256 SACK_PERM=1"
"120","19.080512","96.17.176.171","192.168.56.101","TCP","58","80  >  49159 [SYN, ACK] Seq=0 Ack=1 Win=65535 Len=0 MSS=1460"
"121","19.080668","192.168.56.101","96.17.176.171","TCP","54","49159  >  80 [ACK] Seq=1 Ack=1 Win=64240 Len=0"
"122","19.081558","192.168.56.101","96.17.176.171","HTTP","151","GET /ncsi.txt HTTP/1.1 "
"123","19.081701","96.17.176.171","192.168.56.101","TCP","54","80  >  49159 [ACK] Seq=1 Ack=98 Win=65535 Len=0"
"124","19.101597","96.17.176.171","192.168.56.101","HTTP","233","HTTP/1.1 200 OK  (text/plain)"
"125","19.101608","96.17.176.171","192.168.56.101","TCP","54","80  >  49159 [FIN, ACK] Seq=180 Ack=98 Win=65535 Len=0"
"126","19.101823","192.168.56.101","96.17.176.171","TCP","54","49159  >  80 [ACK] Seq=98 Ack=181 Win=64061 Len=0"
"127","19.102306","192.168.56.101","96.17.176.171","TCP","54","49159  >  80 [FIN, ACK] Seq=98 Ack=181 Win=64061 Len=0"
"128","19.102450","96.17.176.171","192.168.56.101","TCP","54","80  >  49159 [ACK] Seq=181 Ack=99 Win=65535 Len=0"
"129","19.266916","192.168.56.101","192.168.56.255","NBNS","92","Name query NB ISATAP<00>"
"130","19.266920","192.168.56.101","192.168.56.255","NBNS","92","Name query NB ISATAP<00>"
"131","19.471084","192.168.56.101","192.168.56.255","NBNS","110","Registration NB WORKGROUP<1e>"
"132","19.471088","192.168.56.101","192.168.56.255","NBNS","110","Registration NB WORKGROUP<1e>"
"133","20.023712","192.168.56.101","224.0.0.252","LLMNR","66","Standard query 0xc9cb A isatap"
"134","20.023713","192.168.56.101","224.0.0.252","LLMNR","66","Standard query 0xc9cb A isatap"
"135","20.041328","5a:94:d2:14:5a:51","Broadcast","ARP","42","Who has 192.168.56.1? Tell 192.168.56.101"
"136","20.041331","5a:94:d2:14:5a:51","Broadcast","ARP","42","Who has 192.168.56.1? Tell 192.168.56.101"
"137","20.041341","0a:00:27:00:00:00","5a:94:d2:14:5a:51","ARP","42","192.168.56.1 is at 0a:00:27:00:00:00"
"138","20.056638","5a:94:d2:14:5a:51","Broadcast","ARP","42","Who has 192.168.56.1? Tell 192.168.56.101"
"139","20.056641","5a:94:d2:14:5a:51","Broadcast","ARP","42","Who has 192.168.56.1? Tell 192.168.56.101"
"140","20.056648","0a:00:27:00:00:00","5a:94:d2:14:5a:51","ARP","42","192.168.56.1 is at 0a:00:27:00:00:00"
"141","20.126851","192.168.56.101","224.0.0.252","LLMNR","66","Standard query 0xc9cb A isatap"
"142","20.126853","192.168.56.101","224.0.0.252","LLMNR","66","Standard query 0xc9cb A isatap"
"143","20.218994","192.168.56.101","192.168.56.255","NBNS","110","Registration NB WORKGROUP<1e>"
"144","20.218998","192.168.56.101","192.168.56.255","NBNS","110","Registration NB WORKGROUP<1e>"
"145","20.342691","192.168.56.101","192.168.56.255","NBNS","92","Name query NB ISATAP<00>"
"146","20.342695","192.168.56.101","192.168.56.255","NBNS","92","Name query NB ISATAP<00>"
"147","20.975224","192.168.56.101","192.168.56.255","BROWSER","217","Request Announcement NONE"
"148","20.975228","192.168.56.101","192.168.56.255","BROWSER","217","Request Announcement NONE"
"149","20.991987","192.168.56.101","192.168.56.255","BROWSER","243","Host Announcement NONE, Workstation, Server, NT Workstation, Potential Browser"
"150","20.991990","192.168.56.101","192.168.56.255","BROWSER","243","Host Announcement NONE, Workstation, Server, NT Workstation, Potential Browser"
"151","21.085018","192.168.56.101","192.168.56.255","NBNS","92","Name query NB ISATAP<00>"
"152","21.085022","192.168.56.101","192.168.56.255","NBNS","92","Name query NB ISATAP<00>"
"153","21.390018","192.168.56.101","239.255.255.250","SSDP","171","M-SEARCH * HTTP/1.1 "
"154","21.390019","192.168.56.101","239.255.255.250","SSDP","171","M-SEARCH * HTTP/1.1 "
"155","21.406656","192.168.56.101","239.255.255.250","SSDP","139","M-SEARCH * HTTP/1.1 "
"156","21.406658","192.168.56.101","239.255.255.250","SSDP","139","M-SEARCH * HTTP/1.1 "
"157","21.437089","192.168.56.101","239.255.255.250","SSDP","175","M-SEARCH * HTTP/1.1 "
"158","21.437092","192.168.56.101","239.255.255.250","SSDP","175","M-SEARCH * HTTP/1.1 "
"159","21.437369","192.168.56.101","239.255.255.250","SSDP","175","M-SEARCH * HTTP/1.1 "
"160","21.437371","192.168.56.101","239.255.255.250","SSDP","175","M-SEARCH * HTTP/1.1 "
"161","21.547664","192.168.56.101","239.255.255.250","SSDP","139","M-SEARCH * HTTP/1.1 "
"162","21.547666","192.168.56.101","239.255.255.250","SSDP","139","M-SEARCH * HTTP/1.1 "
"163","21.593564","192.168.56.101","239.255.255.250","SSDP","171","M-SEARCH * HTTP/1.1 "
"164","21.593566","192.168.56.101","239.255.255.250","SSDP","171","M-SEARCH * HTTP/1.1 "
"165","21.828000","192.168.56.101","192.168.56.255","NBNS","92","Name query NB ISATAP<00>"
"166","21.828005","192.168.56.101","192.168.56.255","NBNS","92","Name query NB ISATAP<00>"
"167","22.469108","192.168.56.101","192.168.56.255","BROWSER","217","Request Announcement NONE"
"168","22.469112","192.168.56.101","192.168.56.255","BROWSER","217","Request Announcement NONE"
"169","22.584591","192.168.56.101","224.0.0.252","LLMNR","66","Standard query 0x96f1 A isatap"
"170","22.584593","192.168.56.101","224.0.0.252","LLMNR","66","Standard query 0x96f1 A isatap"
"171","22.688210","192.168.56.101","224.0.0.252","LLMNR","66","Standard query 0x96f1 A isatap"
"172","22.688212","192.168.56.101","224.0.0.252","LLMNR","66","Standard query 0x96f1 A isatap"
"173","22.893759","192.168.56.101","192.168.56.255","NBNS","92","Name query NB ISATAP<00>"
"174","22.893763","192.168.56.101","192.168.56.255","NBNS","92","Name query NB ISATAP<00>"
"175","23.641159","192.168.56.101","192.168.56.255","NBNS","92","Name query NB ISATAP<00>"
"176","23.641162","192.168.56.101","192.168.56.255","NBNS","92","Name query NB ISATAP<00>"
"177","23.968819","192.168.56.101","192.168.56.255","BROWSER","217","Request Announcement NONE"
"178","23.968822","192.168.56.101","192.168.56.255","BROWSER","217","Request Announcement NONE"
"179","24.390072","192.168.56.101","192.168.56.255","NBNS","92","Name query NB ISATAP<00>"
"180","24.390074","192.168.56.101","192.168.56.255","NBNS","92","Name query NB ISATAP<00>"
"181","24.439812","192.168.56.101","239.255.255.250","SSDP","175","M-SEARCH * HTTP/1.1 "
"182","24.439814","192.168.56.101","239.255.255.250","SSDP","175","M-SEARCH * HTTP/1.1 "
"183","25.146031","192.168.56.101","224.0.0.252","LLMNR","66","Standard query 0x6e6e A isatap"
"184","25.146033","192.168.56.101","224.0.0.252","LLMNR","66","Standard query 0x6e6e A isatap"
"185","25.249892","192.168.56.101","224.0.0.252","LLMNR","66","Standard query 0x6e6e A isatap"
"186","25.249894","192.168.56.101","224.0.0.252","LLMNR","66","Standard query 0x6e6e A isatap"
"187","25.453675","192.168.56.101","192.168.56.255","NBNS","92","Name query NB ISATAP<00>"
"188","25.453678","192.168.56.101","192.168.56.255","NBNS","92","Name query NB ISATAP<00>"
"189","25.469627","192.168.56.101","192.168.56.255","BROWSER","217","Request Announcement NONE"
"190","25.469629","192.168.56.101","192.168.56.255","BROWSER","217","Request Announcement NONE"
"191","26.203414","192.168.56.101","192.168.56.255","NBNS","92","Name query NB ISATAP<00>"
"192","26.203418","192.168.56.101","192.168.56.255","NBNS","92","Name query NB ISATAP<00>"
"193","26.952632","192.168.56.101","192.168.56.255","NBNS","92","Name query NB ISATAP<00>"
"194","26.952637","192.168.56.101","192.168.56.255","NBNS","92","Name query NB ISATAP<00>"
"195","26.970086","192.168.56.101","192.168.56.255","BROWSER","229","Browser Election Request"
"196","26.970088","192.168.56.101","192.168.56.255","BROWSER","229","Browser Election Request"
"197","27.443916","192.168.56.101","239.255.255.250","SSDP","175","M-SEARCH * HTTP/1.1 "
"198","27.443943","192.168.56.101","239.255.255.250","SSDP","175","M-SEARCH * HTTP/1.1 "
"199","27.968520","192.168.56.101","192.168.56.255","BROWSER","229","Browser Election Request"
"200","27.968524","192.168.56.101","192.168.56.255","BROWSER","229","Browser Election Request"
"201","28.970721","192.168.56.101","192.168.56.255","BROWSER","229","Browser Election Request"
"202","28.970725","192.168.56.101","192.168.56.255","BROWSER","229","Browser Election Request"
"203","29.970489","192.168.56.101","192.168.56.255","BROWSER","229","Browser Election Request"
"204","29.970493","192.168.56.101","192.168.56.255","BROWSER","229","Browser Election Request"
"205","30.970116","192.168.56.101","192.168.56.255","NBNS","110","Registration NB WORKGROUP<1d>"
"206","30.970118","192.168.56.101","192.168.56.255","NBNS","110","Registration NB WORKGROUP<1d>"
"207","31.719642","192.168.56.101","192.168.56.255","NBNS","110","Registration NB WORKGROUP<1d>"
"208","31.719644","192.168.56.101","192.168.56.255","NBNS","110","Registration NB WORKGROUP<1d>"
"209","32.470005","192.168.56.101","192.168.56.255","NBNS","110","Registration NB WORKGROUP<1d>"
"210","32.470009","192.168.56.101","192.168.56.255","NBNS","110","Registration NB WORKGROUP<1d>"
"211","33.220065","192.168.56.101","192.168.56.255","NBNS","110","Registration NB WORKGROUP<1d>"
"212","33.220069","192.168.56.101","192.168.56.255","NBNS","110","Registration NB WORKGROUP<1d>"
"213","33.970592","192.168.56.101","192.168.56.255","NBNS","110","Registration NB <01><02>__MSBROWSE__<02><01>"
"214","33.970596","192.168.56.101","192.168.56.255","NBNS","110","Registration NB <01><02>__MSBROWSE__<02><01>"
"215","34.722808","192.168.56.101","192.168.56.255","NBNS","110","Registration NB <01><02>__MSBROWSE__<02><01>"
"216","34.722811","192.168.56.101","192.168.56.255","NBNS","110","Registration NB <01><02>__MSBROWSE__<02><01>"
"217","35.469385","192.168.56.101","192.168.56.255","NBNS","110","Registration NB <01><02>__MSBROWSE__<02><01>"
"218","35.469390","192.168.56.101","192.168.56.255","NBNS","110","Registration NB <01><02>__MSBROWSE__<02><01>"
"219","36.218883","192.168.56.101","192.168.56.255","NBNS","110","Registration NB <01><02>__MSBROWSE__<02><01>"
"220","36.218888","192.168.56.101","192.168.56.255","NBNS","110","Registration NB <01><02>__MSBROWSE__<02><01>"
"221","36.969655","192.168.56.101","192.168.56.255","BROWSER","217","Request Announcement NONE"
"222","36.969660","192.168.56.101","192.168.56.255","BROWSER","217","Request Announcement NONE"
"223","36.969845","192.168.56.101","192.168.56.255","BROWSER","217","Request Announcement NONE"
"224","36.969846","192.168.56.101","192.168.56.255","BROWSER","217","Request Announcement NONE"
"225","36.970747","192.168.56.101","192.168.56.255","BROWSER","247","Domain/Workgroup Announcement WORKGROUP, NT Workstation, Domain Enum"
"226","36.970749","192.168.56.101","192.168.56.255","BROWSER","247","Domain/Workgroup Announcement WORKGROUP, NT Workstation, Domain Enum"
"227","39.386909","192.168.56.101","192.168.56.255","BROWSER","243","Local Master Announcement NONE, Workstation, Server, NT Workstation, Potential Browser, Master Browser"
"228","39.386913","192.168.56.101","192.168.56.255","BROWSER","243","Local Master Announcement NONE, Workstation, Server, NT Workstation, Potential Browser, Master Browser"
"229","49.607668","192.168.56.101","239.255.255.250","SSDP","175","M-SEARCH * HTTP/1.1 "
"230","49.607670","192.168.56.101","239.255.255.250","SSDP","175","M-SEARCH * HTTP/1.1 "
"231","51.567063","192.168.56.101","224.0.0.252","LLMNR","64","Standard query 0x6cfb A wpad"
"232","51.567065","192.168.56.101","224.0.0.252","LLMNR","64","Standard query 0x6cfb A wpad"
"233","51.672457","192.168.56.101","224.0.0.252","LLMNR","64","Standard query 0x6cfb A wpad"
"234","51.672458","192.168.56.101","224.0.0.252","LLMNR","64","Standard query 0x6cfb A wpad"
"235","51.875706","192.168.56.101","192.168.56.255","NBNS","92","Name query NB WPAD<00>"
"236","51.875710","192.168.56.101","192.168.56.255","NBNS","92","Name query NB WPAD<00>"
"237","52.612549","192.168.56.101","239.255.255.250","SSDP","175","M-SEARCH * HTTP/1.1 "
"238","52.612552","192.168.56.101","239.255.255.250","SSDP","175","M-SEARCH * HTTP/1.1 "
"239","52.624557","192.168.56.101","192.168.56.255","NBNS","92","Name query NB WPAD<00>"
"240","52.624560","192.168.56.101","192.168.56.255","NBNS","92","Name query NB WPAD<00>"
"241","53.375290","192.168.56.101","192.168.56.255","NBNS","92","Name query NB WPAD<00>"
"242","53.375292","192.168.56.101","192.168.56.255","NBNS","92","Name query NB WPAD<00>"
"243","54.737544","192.168.56.101","8.8.8.8","DNS","79","Standard query 0x09c0 A clients2.google.com"
"244","54.760061","8.8.8.8","192.168.56.101","DNS","119","Standard query response 0x09c0 A clients2.google.com CNAME clients.l.google.com A 142.251.40.78"
"245","54.826524","192.168.56.101","142.251.40.78","TCP","66","49165  >  443 [SYN] Seq=0 Win=8192 Len=0 MSS=1460 WS=256 SACK_PERM=1"
"246","54.844461","142.251.40.78","192.168.56.101","TCP","58","443  >  49165 [SYN, ACK] Seq=0 Ack=1 Win=65535 Len=0 MSS=1460"
"247","54.845171","192.168.56.101","142.251.40.78","TCP","54","49165  >  443 [ACK] Seq=1 Ack=1 Win=64240 Len=0"
"248","55.244340","192.168.56.101","142.251.40.78","TLSv1.2","215","Client Hello"
"249","55.244546","142.251.40.78","192.168.56.101","TCP","54","443  >  49165 [ACK] Seq=1 Ack=162 Win=65535 Len=0"
"250","55.261658","142.251.40.78","192.168.56.101","TLSv1.2","1466","Server Hello"
"251","55.261882","142.251.40.78","192.168.56.101","TCP","1466","443  >  49165 [PSH, ACK] Seq=1413 Ack=162 Win=65535 Len=1412 [TCP segment of a reassembled PDU]"
"252","55.263075","192.168.56.101","142.251.40.78","TCP","54","49165  >  443 [ACK] Seq=162 Ack=2825 Win=64240 Len=0"
"253","55.263204","142.251.40.78","192.168.56.101","TCP","1514","443  >  49165 [ACK] Seq=2825 Ack=162 Win=65535 Len=1460 [TCP segment of a reassembled PDU]"
"254","55.263213","142.251.40.78","192.168.56.101","TCP","1514","443  >  49165 [ACK] Seq=4285 Ack=162 Win=65535 Len=1460 [TCP segment of a reassembled PDU]"
"255","55.263214","142.251.40.78","192.168.56.101","TLSv1.2","969","Certificate, Server Key Exchange, Server Hello Done"
"256","55.263311","192.168.56.101","142.251.40.78","TCP","54","49165  >  443 [ACK] Seq=162 Ack=6660 Win=64240 Len=0"
"257","55.525128","192.168.56.101","142.251.40.78","TLSv1.2","180","Client Key Exchange, Change Cipher Spec, Encrypted Handshake Message"
"258","55.525285","142.251.40.78","192.168.56.101","TCP","54","443  >  49165 [ACK] Seq=6660 Ack=288 Win=65535 Len=0"
"259","55.545497","142.251.40.78","192.168.56.101","TLSv1.2","105","Change Cipher Spec, Encrypted Handshake Message"
"260","55.633546","192.168.56.101","239.255.255.250","SSDP","175","M-SEARCH * HTTP/1.1 "
"261","55.633548","192.168.56.101","239.255.255.250","SSDP","175","M-SEARCH * HTTP/1.1 "
"262","55.749768","192.168.56.101","142.251.40.78","TCP","54","49165  >  443 [ACK] Seq=288 Ack=6711 Win=64189 Len=0"
"263","58.035918","192.168.56.101","142.251.40.78","TLSv1.2","577","Application Data"
"264","58.036154","142.251.40.78","192.168.56.101","TCP","54","443  >  49165 [ACK] Seq=6711 Ack=811 Win=65535 Len=0"
"265","58.062142","142.251.40.78","192.168.56.101","TLSv1.2","333","Application Data"
"266","58.361671","192.168.56.101","142.251.40.78","TCP","54","49165  >  443 [ACK] Seq=811 Ack=6990 Win=63910 Len=0"
"267","58.501187","192.168.56.101","142.251.40.78","TCP","54","49165  >  443 [RST, ACK] Seq=811 Ack=6990 Win=0 Len=0"
"268","96.975994","192.168.56.101","192.168.56.255","BROWSER","247","Domain/Workgroup Announcement WORKGROUP, NT Workstation, Domain Enum"
"269","96.975998","192.168.56.101","192.168.56.255","BROWSER","247","Domain/Workgroup Announcement WORKGROUP, NT Workstation, Domain Enum"
"270","109.443699","192.168.56.101","8.8.8.8","DNS","76","Standard query 0xea6d A time.windows.com"
"271","109.522702","8.8.8.8","192.168.56.101","DNS","128","Standard query response 0xea6d A time.windows.com CNAME twc.trafficmanager.net A 40.119.6.228"
"272","111.079390","192.168.56.101","40.119.6.228","NTP","90","NTP Version 3, client"
"273","111.108554","40.119.6.228","192.168.56.101","NTP","90","NTP Version 3, server"
"274","125.555871","192.168.56.101","224.0.0.252","LLMNR","64","Standard query 0x69e6 A wpad"
"275","125.555873","192.168.56.101","224.0.0.252","LLMNR","64","Standard query 0x69e6 A wpad"
"276","125.656836","192.168.56.101","224.0.0.252","LLMNR","64","Standard query 0x69e6 A wpad"
"277","125.656838","192.168.56.101","224.0.0.252","LLMNR","64","Standard query 0x69e6 A wpad"
"278","125.888240","192.168.56.101","192.168.56.255","NBNS","92","Name query NB WPAD<00>"
"279","125.888242","192.168.56.101","192.168.56.255","NBNS","92","Name query NB WPAD<00>"
"280","126.625599","192.168.56.101","192.168.56.255","NBNS","92","Name query NB WPAD<00>"
"281","126.625603","192.168.56.101","192.168.56.255","NBNS","92","Name query NB WPAD<00>"
"282","127.378054","192.168.56.101","192.168.56.255","NBNS","92","Name query NB WPAD<00>"
"283","127.378058","192.168.56.101","192.168.56.255","NBNS","92","Name query NB WPAD<00>"
"284","128.133807","192.168.56.101","8.8.8.8","DNS","80","Standard query 0xe6e6 A watson.microsoft.com"
"285","129.126609","192.168.56.101","8.8.8.8","DNS","80","Standard query 0xe6e6 A watson.microsoft.com"
"286","130.130939","192.168.56.101","8.8.8.8","DNS","80","Standard query 0xe6e6 A watson.microsoft.com"
"287","132.124677","192.168.56.101","8.8.8.8","DNS","80","Standard query 0xe6e6 A watson.microsoft.com"
"288","136.124795","192.168.56.101","8.8.8.8","DNS","80","Standard query 0xe6e6 A watson.microsoft.com"
"289","142.078664","192.168.56.101","8.8.8.8","DNS","76","Standard query 0x04c8 A dns.msftncsi.com"
"290","142.085425","192.168.56.101","224.0.0.252","LLMNR","64","Standard query 0x4559 A wpad"
"291","142.085427","192.168.56.101","224.0.0.252","LLMNR","64","Standard query 0x4559 A wpad"
"292","142.191276","192.168.56.101","224.0.0.252","LLMNR","64","Standard query 0x4559 A wpad"
"293","142.191277","192.168.56.101","224.0.0.252","LLMNR","64","Standard query 0x4559 A wpad"
"294","142.421659","192.168.56.101","192.168.56.255","NBNS","92","Name query NB WPAD<00>"
"295","142.421661","192.168.56.101","192.168.56.255","NBNS","92","Name query NB WPAD<00>"
"296","143.077797","192.168.56.101","8.8.8.8","DNS","76","Standard query 0x04c8 A dns.msftncsi.com"
"297","143.171341","192.168.56.101","192.168.56.255","NBNS","92","Name query NB WPAD<00>"
"298","143.171346","192.168.56.101","192.168.56.255","NBNS","92","Name query NB WPAD<00>"
"299","143.921486","192.168.56.101","192.168.56.255","NBNS","92","Name query NB WPAD<00>"
"300","143.921488","192.168.56.101","192.168.56.255","NBNS","92","Name query NB WPAD<00>"
"301","144.078514","192.168.56.101","8.8.8.8","DNS","76","Standard query 0x04c8 A dns.msftncsi.com"
"302","144.712448","192.168.56.101","8.8.8.8","DNS","80","Standard query 0xd1eb A watson.microsoft.com"
"303","145.704669","192.168.56.101","8.8.8.8","DNS","80","Standard query 0xd1eb A watson.microsoft.com"
"304","146.082158","192.168.56.101","8.8.8.8","DNS","76","Standard query 0x04c8 A dns.msftncsi.com"
"305","146.706144","192.168.56.101","8.8.8.8","DNS","80","Standard query 0xd1eb A watson.microsoft.com"
"306","148.703637","192.168.56.101","8.8.8.8","DNS","80","Standard query 0xd1eb A watson.microsoft.com"
"307","150.077864","192.168.56.101","8.8.8.8","DNS","76","Standard query 0x04c8 A dns.msftncsi.com"
"308","152.705961","192.168.56.101","8.8.8.8","DNS","80","Standard query 0xd1eb A watson.microsoft.com"
"309","154.079790","5a:94:d2:14:5a:51","Broadcast","ARP","42","Who has 192.168.56.1? Tell 192.168.56.101"
"310","154.079794","5a:94:d2:14:5a:51","Broadcast","ARP","42","Who has 192.168.56.1? Tell 192.168.56.101"
"311","154.079803","0a:00:27:00:00:00","5a:94:d2:14:5a:51","ARP","42","192.168.56.1 is at 0a:00:27:00:00:00"
"312","156.976298","192.168.56.101","192.168.56.255","BROWSER","247","Domain/Workgroup Announcement WORKGROUP, NT Workstation, Domain Enum"
"313","156.976302","192.168.56.101","192.168.56.255","BROWSER","247","Domain/Workgroup Announcement WORKGROUP, NT Workstation, Domain Enum"
